{"val": {"dice": 0.8660700917243958, "iou": 0.7871506214141846}, "test": {"dice": 0.873212993144989, "iou": 0.7987360954284668}, "weights": {"old": 0.12698717301282703, "s44": 0.1338425658410686, "s45": 0.04212298739392233, "effb4ft": 0.158983941016059, "s384": 0.2206164260063713, "s384s45": 0.158983941016059, "s384s56": 0.14836297581368268, "s384s64": 0.010099989900010101}, "threshold": 0.40025, "agreement_k": 3, "postprocess": {"min_size": 98, "fill_holes": true}, "smooth_sigma": 0.26}
