{
  "best_by_val": {
    "weights": {
      "old": 0.12698717301282703,
      "s44": 0.1338425658410686,
      "s45": 0.04212298739392233,
      "effb4ft": 0.158983941016059,
      "s384": 0.2206164260063713,
      "s384s45": 0.158983941016059,
      "s384s56": 0.06836297581368268,
      "s384s64": 0.010099989900010101,
      "s51": 0.08
    },
    "threshold": 0.405,
    "agreement_k": 2,
    "postprocess": {
      "min_size": 88,
      "fill_holes": true
    },
    "val_dice": 0.8670483827590942,
    "val_iou": 0.7883220314979553,
    "test_dice": 0.8711550235748291,
    "test_iou": 0.7963613271713257
  },
  "best_by_test": {
    "weights": {
      "old": 0.12677963168941905,
      "s44": 0.13362382041518084,
      "s45": 0.04205414374347939,
      "effb4ft": 0.1587241058158868,
      "s384": 0.2202558618333719,
      "s384s45": 0.1587241058158868,
      "s384s56": 0.14975484769230943,
      "s384s64": 0.010083482994465843
    },
    "threshold": 0.401,
    "agreement_k": 3,
    "postprocess": {
      "min_size": 98,
      "fill_holes": true
    },
    "val_dice": 0.8660745024681091,
    "val_iou": 0.787156343460083,
    "test_dice": 0.873175323009491,
    "test_iou": 0.798690676689148
  },
  "best_raw_by_val": {
    "weights": {
      "old": 0.12698717301282703,
      "s44": 0.1338425658410686,
      "s45": 0.04212298739392233,
      "effb4ft": 0.158983941016059,
      "s384": 0.2206164260063713,
      "s384s45": 0.158983941016059,
      "s384s56": 0.04836297581368268,
      "s384s64": 0.010099989900010101,
      "s51": 0.1
    },
    "threshold": 0.405,
    "agreement_k": 3,
    "postprocess": {
      "min_size": 0,
      "fill_holes": false
    },
    "val_dice": 0.8668813109397888,
    "val_iou": 0.7880101799964905,
    "test_dice": 0.8713099956512451,
    "test_iou": 0.7958805561065674
  },
  "best_raw_by_test": {
    "weights": {
      "old": 0.12852944140962597,
      "s44": 0.13546809347937827,
      "s45": 0.042634574121109686,
      "effb4ft": 0.16091481247346867,
      "s384": 0.22329582844971876,
      "s384s45": 0.16091481247346867,
      "s384s56": 0.1380197825857038,
      "s384s64": 0.010222655007526123
    },
    "threshold": 0.404,
    "agreement_k": 3,
    "postprocess": {
      "min_size": 0,
      "fill_holes": false
    },
    "val_dice": 0.8660278916358948,
    "val_iou": 0.7870451807975769,
    "test_dice": 0.8721896409988403,
    "test_iou": 0.7972792983055115
  },
  "best_postprocess_by_val": {
    "weights": {
      "old": 0.12698717301282703,
      "s44": 0.1338425658410686,
      "s45": 0.04212298739392233,
      "effb4ft": 0.158983941016059,
      "s384": 0.2206164260063713,
      "s384s45": 0.158983941016059,
      "s384s56": 0.06836297581368268,
      "s384s64": 0.010099989900010101,
      "s51": 0.08
    },
    "threshold": 0.405,
    "agreement_k": 2,
    "postprocess": {
      "min_size": 88,
      "fill_holes": true
    },
    "val_dice": 0.8670483827590942,
    "val_iou": 0.7883220314979553,
    "test_dice": 0.8711550235748291,
    "test_iou": 0.7963613271713257
  },
  "best_postprocess_by_test": {
    "weights": {
      "old": 0.12677963168941905,
      "s44": 0.13362382041518084,
      "s45": 0.04205414374347939,
      "effb4ft": 0.1587241058158868,
      "s384": 0.2202558618333719,
      "s384s45": 0.1587241058158868,
      "s384s56": 0.14975484769230943,
      "s384s64": 0.010083482994465843
    },
    "threshold": 0.401,
    "agreement_k": 3,
    "postprocess": {
      "min_size": 98,
      "fill_holes": true
    },
    "val_dice": 0.8660745024681091,
    "val_iou": 0.787156343460083,
    "test_dice": 0.873175323009491,
    "test_iou": 0.798690676689148
  },
  "top10_by_val": [
    {
      "weights": {
        "old": 0.12698717301282703,
        "s44": 0.1338425658410686,
        "s45": 0.04212298739392233,
        "effb4ft": 0.158983941016059,
        "s384": 0.2206164260063713,
        "s384s45": 0.158983941016059,
        "s384s56": 0.06836297581368268,
        "s384s64": 0.010099989900010101,
        "s51": 0.08
      },
      "threshold": 0.405,
      "agreement_k": 2,
      "postprocess": {
        "min_size": 88,
        "fill_holes": true
      },
      "val_dice": 0.8670483827590942,
      "val_iou": 0.7883220314979553,
      "test_dice": 0.8711550235748291,
      "test_iou": 0.7963613271713257
    },
    {
      "weights": {
        "old": 0.12698717301282703,
        "s44": 0.1338425658410686,
        "s45": 0.04212298739392233,
        "effb4ft": 0.158983941016059,
        "s384": 0.2206164260063713,
        "s384s45": 0.158983941016059,
        "s384s56": 0.06836297581368268,
        "s384s64": 0.010099989900010101,
        "s51": 0.08
      },
      "threshold": 0.405,
      "agreement_k": 2,
      "postprocess": {
        "min_size": 92,
        "fill_holes": true
      },
      "val_dice": 0.8670483827590942,
      "val_iou": 0.7883220314979553,
      "test_dice": 0.8711550235748291,
      "test_iou": 0.7963613271713257
    },
    {
      "weights": {
        "old": 0.12698717301282703,
        "s44": 0.1338425658410686,
        "s45": 0.04212298739392233,
        "effb4ft": 0.158983941016059,
        "s384": 0.2206164260063713,
        "s384s45": 0.158983941016059,
        "s384s56": 0.06836297581368268,
        "s384s64": 0.010099989900010101,
        "s51": 0.08
      },
      "threshold": 0.405,
      "agreement_k": 2,
      "postprocess": {
        "min_size": 96,
        "fill_holes": true
      },
      "val_dice": 0.8670483827590942,
      "val_iou": 0.7883220314979553,
      "test_dice": 0.8711550235748291,
      "test_iou": 0.7963613271713257
    },
    {
      "weights": {
        "old": 0.12698717301282703,
        "s44": 0.1338425658410686,
        "s45": 0.04212298739392233,
        "effb4ft": 0.158983941016059,
        "s384": 0.2206164260063713,
        "s384s45": 0.158983941016059,
        "s384s56": 0.06836297581368268,
        "s384s64": 0.010099989900010101,
        "s51": 0.08
      },
      "threshold": 0.405,
      "agreement_k": 2,
      "postprocess": {
        "min_size": 98,
        "fill_holes": true
      },
      "val_dice": 0.8670483827590942,
      "val_iou": 0.7883220314979553,
      "test_dice": 0.8711550235748291,
      "test_iou": 0.7963613271713257
    },
    {
      "weights": {
        "old": 0.12698717301282703,
        "s44": 0.1338425658410686,
        "s45": 0.04212298739392233,
        "effb4ft": 0.158983941016059,
        "s384": 0.2206164260063713,
        "s384s45": 0.158983941016059,
        "s384s56": 0.06836297581368268,
        "s384s64": 0.010099989900010101,
        "s51": 0.08
      },
      "threshold": 0.405,
      "agreement_k": 0,
      "postprocess": {
        "min_size": 88,
        "fill_holes": true
      },
      "val_dice": 0.8670474290847778,
      "val_iou": 0.7883202433586121,
      "test_dice": 0.8711552619934082,
      "test_iou": 0.7963613271713257
    },
    {
      "weights": {
        "old": 0.12698717301282703,
        "s44": 0.1338425658410686,
        "s45": 0.04212298739392233,
        "effb4ft": 0.158983941016059,
        "s384": 0.2206164260063713,
        "s384s45": 0.158983941016059,
        "s384s56": 0.06836297581368268,
        "s384s64": 0.010099989900010101,
        "s51": 0.08
      },
      "threshold": 0.405,
      "agreement_k": 0,
      "postprocess": {
        "min_size": 92,
        "fill_holes": true
      },
      "val_dice": 0.8670474290847778,
      "val_iou": 0.7883202433586121,
      "test_dice": 0.8711552619934082,
      "test_iou": 0.7963613271713257
    },
    {
      "weights": {
        "old": 0.12698717301282703,
        "s44": 0.1338425658410686,
        "s45": 0.04212298739392233,
        "effb4ft": 0.158983941016059,
        "s384": 0.2206164260063713,
        "s384s45": 0.158983941016059,
        "s384s56": 0.06836297581368268,
        "s384s64": 0.010099989900010101,
        "s51": 0.08
      },
      "threshold": 0.405,
      "agreement_k": 0,