{"val": {"dice": 0.8660092949867249, "iou": 0.7869834303855896}, "test": {"dice": 0.8725056052207947, "iou": 0.7976360321044922}, "weights": {"old": 0.12698717301282703, "s44": 0.1338425658410686, "s45": 0.04212298739392233, "effb4ft": 0.158983941016059, "s384": 0.2206164260063713, "s384s45": 0.158983941016059, "s384s56": 0.14836297581368268, "s384s64": 0.010099989900010101}, "threshold": 0.40025, "agreement_k": 3, "postprocess": {"min_size": 220, "fill_holes": true}, "smooth_sigma": 0.0, "smooth_votes": false}
